date,Total_PnL,Avg_Execution_Price,Total_Trade_Volume,Total_Fee,Trade_Count,value,classification,Sentiment_Binary,PnL_3D_Mean,PnL_3D_STD,Volume_3D_Mean,TradeCount_3D_Mean
2023-05-01,0.0,1898.1333333333328,477.0,0.0,3,63.0,Greed,1.0,,,,
2023-12-05,0.0,11038.3,50005.83,12.501455,9,75.0,Extreme Greed,,,,,
2023-12-14,-205.43473700000007,8031.868818181818,113203.35,28.300831,11,72.0,Greed,1.0,-68.4782456666667,118.60780070785,54562.06,7.666666666666667
2023-12-15,-24.632034,2.982,10609.95,2.652489,2,70.0,Greed,1.0,-76.6889236666667,112.17529858614341,57939.71,7.333333333333333
2023-12-16,0.0,0.3847066666666667,15348.77,3.837189,3,67.0,Greed,1.0,-76.6889236666667,112.1752985861434,46387.35666666667,5.333333333333333
2023-12-17,304.982785,802.5418592857143,116278.02,29.069499,14,73.0,Greed,1.0,93.45025033333332,183.60608429903047,47412.246666666666,6.333333333333333
2023-12-18,0.0,2178.1000000000004,31164.18,7.791045,2,65.0,Greed,1.0,101.66092833333333,176.08189301795173,54263.65666666667,6.333333333333333
2023-12-19,1000.538612,447.8019113333333,91602.41,22.900596,15,73.0,Greed,1.0,435.173799,512.8173686805886,79681.53666666667,10.333333333333334
2023-12-20,162.732282,6.722871666666666,141636.79,35.409187,18,74.0,Greed,1.0,387.75696466666665,536.8858904670965,88134.46,11.666666666666666
2023-12-21,537.211402,91.84020408163263,125233.97,31.308469,49,70.0,Greed,1.0,566.8274319999999,419.6876142701114,119491.05666666669,27.333333333333332
2023-12-22,141.832675,30692.8325,88874.28,22.218566000000003,10,74.0,Greed,1.0,280.59211966666663,222.48435999446085,118581.68000000001,25.666666666666668
2023-12-23,146.936704,3.0702846153846157,78438.25,19.609555,13,70.0,Greed,1.0,275.3269269999999,226.81296581661152,97515.5,24.0
2023-12-24,1008.619956,13680.54118025641,402954.94,100.738715,39,71.0,Greed,1.0,432.46311166666663,498.97298998254087,190089.1566666667,20.666666666666668
2023-12-25,-245.081348,2275.4,59948.51,14.987125,3,73.0,Greed,1.0,303.4917706666666,641.345348924492,180447.23333333337,18.333333333333332
2023-12-27,-704.8892269999999,0.3731921428571428,171411.06,42.852747,28,73.0,Greed,1.0,19.549793666666687,886.876914183239,211438.17,23.333333333333332
2023-12-28,-970.730876,0.4032943478260869,100117.25,25.0293,23,73.0,Greed,1.0,-640.2338169999999,367.1199407596337,110492.27333333337,18.0
2023-12-29,508.922143,3836.17816,569559.72,142.389901,50,65.0,Greed,1.0,-388.89932,788.8158721484725,280362.6766666667,33.666666666666664
2023-12-30,354.998648,13421.615271153849,702550.21,175.637526,52,68.0,Greed,1.0,-35.60336166666669,813.4929081594275,457409.06,41.666666666666664
2024-01-01,-129.53146,10373.330666666669,264239.53,66.059867,18,65.0,Greed,1.0,244.79644366666662,333.18785268353463,512116.48666666663,40.0
2024-01-02,783.979116,10199.892598764704,121348.74,30.337176,17,71.0,Greed,1.0,336.4821013333333,457.03669435977145,362712.82666666666,29.0
2024-01-03,866.015507,738.8837898507463,394499.36,98.624811,67,70.0,Greed,1.0,506.8210543333333,552.6218275057932,260029.21,34.0
2024-01-04,-67.60364,2212.62,99792.54,24.948132,5,68.0,Greed,1.0,527.4636609999999,516.973221648515,205213.54666666666,29.666666666666668
2024-01-05,164.141565,30495.46818181818,1703942.66,425.985639,66,72.0,Greed,1.0,320.851144,486.1374260679997,732744.8533333334,46.0
2024-01-06,135.58166400000002,6586.107318181818,298521.4,74.630342,22,70.0,Greed,1.0,77.37319633333331,126.36308516018109,700752.2000000001,31.0
2024-01-07,-835.681235,7513.911021649485,1048850.06,262.212464,97,71.0,Greed,1.0,-178.6526686666667,569.182589087025,1017104.7066666667,61.666666666666664
2024-01-08,-269.874439,15078.63093734375,1522452.43,380.613064,128,71.0,Greed,1.0,-323.32467,487.83255338172773,956607.9633333334,82.33333333333333
2024-01-09,-826.349863,14127.109546714286,870051.97,204.012928,70,76.0,Extreme Greed,,-643.9685123333334,324.00856532381175,1147118.1533333333,98.33333333333333
2024-01-10,-1517.091342,12914.76879230052,2057479.48,434.044865,193,73.0,Greed,1.0,-871.1052146666667,624.8117971912288,1483327.96,130.33333333333334
2024-01-11,-164.08950099999998,12141.70542857143,305314.1,75.867171,21,76.0,Extreme Greed,,-835.8435686666667,676.5508800325453,1077615.1833333333,94.66666666666667
2024-01-12,-1925.519024,39774.47142857143,200082.27,49.480727,7,71.0,Greed,1.0,-1202.233289,921.95996999773,854291.9500000001,73.66666666666667
2024-01-15,152.85358,16738.085714285717,50636.1,12.652712,14,52.0,Neutral,,-645.5849816666665,1119.7261244122392,185344.15666666673,14.0
2024-01-16,-2299.171458,19105.61008888889,116427.33,17.319309,9,64.0,Greed,1.0,-1357.2789673333334,1321.0901817230827,122381.90000000007,10.0
2024-01-17,813.2741110000001,20112.302,800831.03,159.707606,53,60.0,Greed,1.0,-444.3479223333332,1639.913589427451,322631.48666666675,25.333333333333332
2024-01-18,68.93319,24363.11304347826,424631.53,92.657901,46,63.0,Greed,1.0,-472.32138566666663,1625.283588103015,447296.63000000006,36.0
2024-01-19,-385.419235,14421.93125,428428.97,93.051868,48,51.0,Neutral,,165.59602199999995,605.164615417875,551297.1766666668,49.0
2024-01-20,-146.57487000000003,14671.724672933962,1070090.51,267.522583,106,52.0,Neutral,,-154.3536383333334,227.27607320928746,641050.3366666667,66.66666666666667
2024-01-21,266.58114600000005,19141.940333454542,103129.74,25.78243,11,56.0,Greed,1.0,-88.47098633333339,329.8608345634549,533883.0733333334,55.0
2024-01-22,1375.640959,6179.383261176471,337878.99,67.478268,85,55.0,Greed,1.0,498.5490783333333,787.1734870648219,503699.74666666664,67.33333333333333
2024-01-23,-369.2447299999998,11768.913676111111,414518.93000000005,85.72457,45,50.0,Neutral,,424.32579166666665,883.0736361406268,285175.88666666666,47.0
2024-01-24,-2808.353815,16861.48394732353,965084.59,227.771095,68,48.0,Neutral,,-600.6525286666666,2101.5744679115332,572494.17,66.0
2024-01-25,-3093.629385,87.95416666666667,66566.13,16.641532,6,52.0,Neutral,,-2090.40931,1497.3814381428133,482056.55,39.666666666666664
2024-01-26,90.2,0.1198688,11773.21,0.444235,5,49.0,Neutral,,-1937.261066666667,1761.6169618695662,347807.9766666666,26.333333333333332
2024-01-28,-2478.06972,16.956,18109.03,-0.362176,11,54.0,Neutral,,-1827.1663683333336,1688.771378282314,32149.456666666665,7.333333333333333
2024-01-29,486.562542,15636.855511594596,414208.18,103.262605,74,55.0,Greed,1.0,-633.7690593333335,1609.4593848174004,148030.13999999998,30.0
2024-01-30,-173.65419100000005,27371.99183673469,401011.38,100.25281,49,61.0,Greed,1.0,-721.7204563333336,1556.452243282823,277776.19666666666,44.666666666666664
2024-01-31,-799.840817,28200.90456028405,6305647.13,1549.411475,859,60.0,Greed,1.0,-162.31082200000026,643.2766935983506,2373622.23,327.3333333333333
2024-02-01,0.0,0.0761261666666666,2008.18,0.5020439999999999,6,63.0,Greed,1.0,-324.4983360000003,420.71581880813,2236222.23,304.6666666666667
2024-02-02,456.423473,15601.771341142858,474278.43,91.569636,42,63.0,Greed,1.0,-114.47244800000023,635.9071847334627,2260644.58,302.3333333333333
2024-02-03,223.309187,29939.640223214286,603820.0,109.662349,56,60.0,Greed,1.0,226.5775533333331,228.22928896225213,360035.5366666666,34.666666666666664
2024-02-04,47.62389499999999,12108.636457142857,203187.53,50.52688,35,60.0,Greed,1.0,242.45218499999976,205.07099873597105,427095.32,44.333333333333336
2024-02-05,-33.45419400000003,15958.2223625,770198.26,165.549465,72,60.0,Greed,1.0,79.1596293333331,131.2544679643238,525735.2633333333,54.333333333333336
2024-02-06,-215.615907,22118.307961134196,8047153.41,988.606997,1088,64.0,Greed,1.0,-67.14873533333356,134.81576289885547,3006846.4,398.3333333333333
2024-02-07,241.24212,3.98582,6758.73,0.339693,15,62.0,Greed,1.0,-2.609327000000235,229.98558340420348,2941370.1333333333,391.6666666666667
2024-02-08,770.756024,10.0228845,26051.12,3.0028870000000003,10,66.0,Greed,1.0,265.46074566666647,493.63174830844997,2693321.0866666664,371.0
2024-02-11,983.443176,17890.449081970586,212311.82,24.955292,34,71.0,Greed,1.0,665.1471066666664,382.2048331027766,81707.22333333334,19.666666666666668
2024-02-12,913.8817869999998,28717.7418125,227247.7,27.111911,16,70.0,Greed,1.0,889.3603289999998,108.44322285558312,155203.54666666666,20.0
2024-02-13,559.44389,0.0605428571428571,1999.99,-0.039992,14,79.0,Extreme Greed,,818.9229509999997,227.39114765748272,147186.50333333333,21.333333333333332
2024-02-14,3830.599833,5443.060992846847,320839.88,22.917474,111,74.0,Greed,1.0,1767.9751699999997,1795.0548545989755,183362.52333333335,47.0
2024-02-15,1840.797677,2750.165854587301,185188.04,30.706297,63,72.0,Greed,1.0,2076.947133333333,1648.314358716491,169342.6366666667,62.666666666666664
2024-02-16,5491.768834,696.7813038571429,564896.51,27.22517,182,72.0,Greed,1.0,3721.0554480000005,1827.9490081852007,356974.81000000006,118.66666666666667
2024-02-17,1929.6418,3403.646719574468,406118.07,62.055053,94,76.0,Extreme Greed,,3087.4027703333336,2082.7158821192756,385400.87333333335,113.0
2024-02-18,477.6248299999999,3.395497731958763,157048.17,-3.140925,97,72.0,Greed,1.0,2633.011821333333,2580.0110587738063,376020.9166666667,124.33333333333333
2024-02-19,4317.768563,2068.0068288118814,286377.2,14.85262,101,75.0,Extreme Greed,,2241.678397666666,1938.9948688011893,283181.14666666667,97.33333333333333
2024-02-20,3263.628824,2681.806243897436,119419.72,3.073675,39,72.0,Greed,1.0,2686.3407389999993,1984.0922665886849,187615.03000000003,79.0
2024-02-21,1858.79857,27.589205454545457,108047.52,2.970629,22,78.0,Extreme Greed,,3146.731985666666,1233.6458202125348,171281.48,54.0
2024-02-22,3894.10507,1175.5737064772727,373033.87,25.45258,88,74.0,Greed,1.0,3005.5108213333333,1041.914974799307,200167.0366666667,49.666666666666664
2024-02-23,1418.55293,725.5068307692308,111106.14,-2.067069,143,76.0,Extreme Greed,,2390.4855233333333,1320.646758873588,197395.84333333335,84.33333333333333
2024-02-25,-30.7705,0.5663259999999999,4480.13,-0.0896,5,74.0,Greed,1.0,1760.6291666666666,1984.6723089126667,162873.38000000003,78.66666666666667
2024-02-26,4416.8473,5.614911538461539,192187.14,-0.0977249999999998,39,72.0,Greed,1.0,1934.8765766666666,2268.318453127689,102591.13666666667,62.333333333333336
2024-02-27,888.511733,36.1611293968254,209362.3,-3.761609,63,79.0,Extreme Greed,,1758.1961776666667,2347.8903932446665,135343.19000000003,35.666666666666664
2024-02-28,2503.747235,1.2982939111111111,171107.13,-1.377152,45,82.0,Extreme Greed,,2603.0354226666664,1766.2620350607401,190885.52333333335,49.0
2024-02-29,9813.996992,11.306912146551724,395666.73,1.359085,116,80.0,Extreme Greed,,4402.085319999999,4755.92655440322,258712.05333333334,74.66666666666667
2024-03-01,8244.241409,2.725657408759124,472974.7,-0.546854,137,80.0,Extreme Greed,,6853.995211999999,3848.314727726199,346582.85333333333,99.33333333333333
2024-03-02,230.90060000000005,0.8005309032258064,63197.56,-0.4691290000000001,31,80.0,Extreme Greed,,6096.379666999998,5139.933526968156,310612.9966666667,94.66666666666667
2024-03-03,8361.086245,3.0333498607594938,390745.68,-2.507103,79,83.0,Extreme Greed,,5612.076084666667,4660.600860029543,308972.6466666667,82.33333333333333
2024-03-04,27799.775742,419.88134141,1577996.87,-0.559449,300,82.0,Extreme Greed,,12130.587528999999,14165.718269694433,677313.3700000001,136.66666666666666
2024-03-05,19791.026041,0.3816785944444444,841810.32,-4.438459,180,90.0,Extreme Greed,,18650.629342666667,9769.393062640675,936850.9566666667,186.33333333333334
2024-03-06,6814.825139,1.7171503902439025,327218.02,-3.355318,82,75.0,Extreme Greed,,18135.208973999997,10590.011122379141,915675.0700000002,187.33333333333334
2024-03-08,4271.886236,2.9131835970149256,183583.18,-3.671629,67,81.0,Extreme Greed,,10292.579138666664,8323.581244478366,450870.50666666677,109.66666666666667
2024-03-09,9949.501624,15.9975568974359,658178.75,1.851764,117,84.0,Extreme Greed,,7012.070999666664,2843.9424344870695,389659.9833333334,88.66666666666667
2024-03-10,2482.9272,34.630716666666665,219973.85,2.281072,42,79.0,Extreme Greed,,5568.105019999998,3898.406181925968,353911.92666666675,75.33333333333333
2024-03-11,3588.179495,2.647672619047619,176519.44999999998,8.47289,42,82.0,Extreme Greed,,5340.202772999998,4029.841508331708,351557.3500000001,67.0
2024-03-12,3039.166,9.235375,103040.85,4.945953,8,81.0,Extreme Greed,,3036.7575649999976,552.6300836184214,166511.38333333345,30.666666666666668
2024-03-13,0.0,3979.957142857143,6000.799999999999,2.100278,7,81.0,Extreme Greed,,2209.1151649999974,1932.7432094300095,95187.03333333346,19.0
2024-03-14,3465.865832,252.0171572222222,205933.18,11.716792,18,88.0,Extreme Greed,,2168.343943999998,1889.921898192718,104991.6100000001,11.0
2024-03-15,6236.513651,502.81406972580646,351894.41,49.485003,62,83.0,Extreme Greed,,3234.1264943333313,3124.7084616399056,187942.79666666678,29.0
2024-03-16,228.57984,2750.4022475,37223.66,10.52828,8,81.0,Extreme Greed,,3310.3197743333308,3006.985716856837,198350.41666666677,29.333333333333332
2024-03-17,503.293955,2191.606,99506.95,33.763329,23,79.0,Extreme Greed,,2322.795815333331,3392.1611745547475,162875.0066666668,31.0
2024-03-18,1456.9577,2238.5484684210523,90458.08,24.94328,19,77.0,Extreme Greed,,729.6104983333306,644.703362077759,75729.56333333347,16.666666666666668
2024-03-19,668.797973,575.3537,219884.84,25.988312,24,79.0,Extreme Greed,,876.3498759999972,509.5851047284512,136616.62333333347,22.0
2024-03-20,6423.134599,193.64368536231885,215705.85,39.878838,69,74.0,Greed,1.0,2849.630090666664,3119.7355324009795,175349.5900000001,37.333333333333336
2024-03-21,2335.508075,124.34982285714284,117895.57,16.394750000000002,28,78.0,Extreme Greed,,3142.480215666664,2960.8276762065066,184495.42000000016,40.333333333333336
2024-03-24,1297.018477,8.960757894736842,92592.21,8.888837,19,74.0,Greed,1.0,3351.8870503333305,2709.988245395514,142064.54333333348,38.666666666666664
2024-03-25,1302.916428,3582.3,57116.32,19.990712,7,75.0,Extreme Greed,,1645.1476599999976,597.8769299829038,89201.36666666681,18.0
2024-03-26,3215.906593,219.49172627118645,198565.19,28.147403,118,81.0,Extreme Greed,,1938.6138326666642,1106.1719094049135,116091.24000000015,48.0
2024-03-27,150.41114,13627.738306315789,99864.79,31.717952,38,83.0,Extreme Greed,,1556.4113869999974,1548.3896033523931,118515.43333333347,54.333333333333336
2024-03-28,227.851008,803.983042,35323.72,9.059229,13,80.0,Extreme Greed,,1198.0562469999973,1747.9385708394498,111251.23333333345,56.333333333333336
2024-03-29,883.097404,3541.54,86914.37,30.42003,15,79.0,Extreme Greed,,420.45318399999724,402.5282462307151,74034.29333333347,22.0
2024-03-30,1100.57514,0.1972766666666666,101103.92,9.939454,45,75.0,Extreme Greed,,737.1745173333305,454.2928232799767,74447.3366666668,24.333333333333332
2024-03-31,912.786145,3627.730769230769,39912.96,13.969522,13,75.0,Extreme Greed,,965.4862296666639,117.9284342594299,75977.08333333347,24.333333333333332
2024-04-01,2507.963406,1332.2278167402596,339470.47,83.751362,77,79.0,Extreme Greed,,1507.1082303333305,871.8368474977965,160162.45000000013,45.0
2024-04-02,883.760812,3060.7089024390243,239664.51,80.13257399999999,41,79.0,Extreme Greed,,1434.8367876666641,929.4682198551196,206349.31333333347,43.666666666666664
2024-04-03,126.7884,8.3283,16887.57,1.661201,4,71.0,Greed,1.0,1172.8375393333306,1216.6234495578906,198674.18333333347,40.666666666666664
2024-04-04,0.0,3401.434375,95987.73,33.595685,32,70.0,Greed,1.0,336.8497373333306,477.862550623587,117513.27000000014,25.666666666666668
2024-04-05,10706.484306,330.28005890000003,503791.8,103.430138,100,79.0,Extreme Greed,,3611.0909019999976,6145.117939693161,205555.7000000001,45.333333333333336
2024-04-06,236.335134,3328.08125,68223.67,23.878277,16,75.0,Extreme Greed,,3647.606479999998,6114.309502771889,222667.73333333348,49.333333333333336
2024-04-07,0.0,3398.0043478260877,49988.14,17.495845,23,78.0,Extreme Greed,,3647.606479999998,6114.309502771889,207334.53666666683,46.333333333333336
2024-04-08,1218.4267,3295.5374166666666,211940.64,61.790548,30,76.0,Extreme Greed,,484.9206113333309,646.1323087991066,110050.81666666681,23.0
2024-04-09,0.0,3501.3000000000006,57063.84,19.972341,3,80.0,Extreme Greed,,406.1422333333309,703.4589832328705,106330.87333333348,18.666666666666668
2024-04-10,5207.443414,3433.4707317073166,351735.97,123.107562,41,78.0,Extreme Greed,,2141.9567046666643,2723.792848151776,206913.48333333348,24.666666666666668
2024-04-11,389.743164,3521.2125,76400.96,26.740329,16,76.0,Extreme Greed,,1865.7288593333312,2900.5632310164387,161733.59000000014,20.0
2024-04-12,-592.6458390000001,555.2924815968992,442088.59,97.560875,129,79.0,Extreme Greed,,1668.1802463333308,3104.2003585151056,290075.1733333335,62.0
2024-04-13,6621.451755,658.6612459887641,486411.25,118.999176,89,72.0,Greed,1.0,2139.5163599999973,3912.4264468510137,334966.9333333335,78.0
2024-04-14,-36104.01252,1787.6264255140186,659162.17,213.477404,107,72.0,Greed,1.0,-10025.068868000002,22871.254393388273,529220.6700000002,108.33333333333333
2024-04-15,3774.08872,230.87443634146345,291111.19,40.650604,41,74.0,Greed,1.0,-8569.490681666668,23888.05744953977,478894.8700000001,79.0
2024-04-16,2467.702221,0.8237938510638297,181907.17,18.457685,47,65.0,Greed,1.0,-9954.073859666669,22655.929254294322,377393.5100000002,65.0
2024-04-17,2441.4684,4.993378571428572,97562.99,10.620963,14,67.0,Greed,1.0,2894.4197803333313,761.9285635162065,190193.78333333344,34.0
2024-04-19,1946.445462,3065.022857142857,337257.92000000004,118.04026,35,66.0,Greed,1.0,2285.205360999998,293.66776332962803,205576.02666666682,32.0
2024-04-20,0.0,285.09828863636363,60733.24,121.289047,22,66.0,Greed,1.0,1462.6379539999978,1290.6371549152022,165184.7166666668,23.666666666666668
2024-04-22,0.0,3202.222222222222,47993.61,16.797764,9,73.0,Greed,1.0,648.8151539999975,1123.7808114486636,148661.5900000001,22.0
2024-04-23,1119.536196,2616.430871212121,233054.9,71.308476,66,71.0,Greed,1.0,373.1787319999976,646.3645241281951,113927.25000000012,32.333333333333336
2024-04-24,279.185907,3230.17,141275.24,49.446316,20,72.0,Greed,1.0,466.2407009999976,582.7370294630413,140774.58333333346,31.666666666666668
2024-04-25,0.0,251.67034283783784,120241.01,160.159512,74,72.0,Greed,1.0,466.2407009999976,582.7370294630413,164857.05000000013,53.333333333333336
2024-04-26,0.0,0.12152,4988.290000000001,1.745898,3,70.0,Greed,1.0,93.06196899999757,161.18805856065777,88834.84666666678,32.333333333333336
2024-04-27,4281.488139,3258.651851851852,154264.47,53.99255,27,67.0,Greed,1.0,1427.1627129999977,2471.918329583858,93164.59000000013,34.666666666666664
2024-04-28,0.0,451.9867443103448,43985.6,15.394946,58,65.0,Greed,1.0,1427.1627129999977,2471.918329583858,67746.12000000011,29.333333333333332
2024-04-29,526.9338359999999,2245.884760888889,108699.01,38.04463,45,67.0,Greed,1.0,1602.8073249999977,2334.7190397024833,102316.3600000001,43.333333333333336
2024-04-30,0.0,3023.15,125018.75,43.75655,24,67.0,Greed,1.0,175.64461199999755,304.225392059858,92567.78666666678,42.333333333333336
2024-05-01,0.0,2916.8142857142857,87025.45,30.458908,14,54.0,Neutral,,175.64461199999755,304.225392059858,106914.40333333344,27.666666666666668
2024-05-03,5306.017045,1960.460155,282682.65,98.910681,36,48.0,Neutral,,1768.6723483333308,3063.4303692555072,164908.9500000001,24.666666666666668
2024-05-04,0.0,2089.1695403333333,58998.75,20.649559,9,67.0,Greed,1.0,1768.6723483333308,3063.4303692555072,142902.28333333344,19.666666666666668
2024-05-05,0.916,2099.545833333333,24068.35,8.412778,6,69.0,Greed,1.0,1768.9776816666642,3063.1659770719566,121916.58333333343,17.0
2024-05-06,968.59038,3109.866666666667,206016.43,72.105746,9,71.0,Greed,1.0,323.16879333333094,558.9516778448531,96361.17666666675,8.0
2024-05-07,883.537693,1715.215231,108717.58,38.039061,18,68.0,Greed,1.0,617.6813576666642,535.8247098677302,112934.1200000001,11.0
2024-05-08,1.56576,2312.7117384615385,65973.57,23.076826,13,64.0,Greed,1.0,617.8979443333309,535.4507549489425,126902.52666666677,13.333333333333334
2024-05-09,1147.595856,2667.6832657142854,221966.12,77.688132,28,55.0,Greed,1.0,677.5664363333309,600.1369545063575,132219.09000000008,19.666666666666668
2024-05-10,2101.741695,2946.254545454545,156882.0,54.90869,22,66.0,Greed,1.0,1083.6344369999977,1051.5479241711912,148273.89666666675,21.0
2024-05-11,251.604742,2922.511111111111,63248.95,22.137125,9,53.0,Neutral,,1166.9807643333309,925.2207937662448,147365.6900000001,19.666666666666668
2024-05-12,0.0,1272.34931,55179.56,19.312829,23,56.0,Greed,1.0,784.4488123333309,1147.7245490937728,91770.17000000009,18.0
2024-05-13,2136.853859,2635.770588571429,193118.9,67.591599,28,57.0,Greed,1.0,796.1528669999975,1167.8765341471885,103849.13666666676,20.0
2024-05-14,1150.5233050000002,2912.1304347826085,145853.4,51.048685,23,66.0,Greed,1.0,1095.7923879999976,1069.4777737931881,131383.9533333334,24.666666666666668
2024-05-15,948.970582,2930.625,234922.57,82.222887,36,64.0,Greed,1.0,1412.115915333331,635.6804938645757,191298.29000000007,29.0
2024-05-16,214.5898,2656.364285925926,162620.96,56.91732,27,70.0,Greed,1.0,771.3612289999977,492.5968870692297,181132.31000000008,28.666666666666668
2024-05-18,3522.3946610000003,3123.796,126303.14,44.206092,25,73.0,Greed,1.0,1561.9850143333308,1737.018500275866,174615.55666666676,29.333333333333332
2024-05-19,0.0,3079.425,29998.09,10.499327,8,72.0,Greed,1.0,1245.6614869999978,1974.6259531263604,106307.39666666677,20.0
2024-05-20,-74.818442,2156.14175,38124.75,13.343662,10,70.0,Greed,1.0,1149.1920729999977,2055.594158043689,64808.66000000009,14.333333333333334
2024-05-21,7289.397571999999,14134.35288,1100948.59,385.331944,125,76.0,Extreme Greed,,2404.8597099999974,4230.29928536972,389690.4766666668,47.666666666666664
2024-05-22,0.0,3733.3333333333335,44995.29,15.748349,6,76.0,Extreme Greed,,2404.8597099999974,4230.29928536972,394689.54333333345,47.0
2024-05-23,413.347329,1108.603136243077,401850.6,113.430079,325,76.0,Extreme Greed,,2567.581633666664,4094.4319899373063,515931.4933333334,152.0
2024-05-24,821.949278,3844.4,50811.9,17.784165,2,74.0,Greed,1.0,411.7655356666642,410.97692204536605,165885.93000000008,111.0
2024-05-25,14.126039,469.7218425,29991.13,10.246887,16,76.0,Extreme Greed,,416.4742153333309,403.92069695771914,160884.54333333342,114.33333333333333
2024-05-26,778.6839,496.567575,53976.67,18.768191,16,75.0,Extreme Greed,,538.2530723333309,454.42252754079254,44926.566666666746,11.333333333333334
2024-05-27,1129.35587,33.197340745019915,151115.72,45.832466,251,74.0,Greed,1.0,640.721936333331,570.2714454996279,78361.17333333341,94.33333333333333
2024-05-29,277.791953,4235.211447786585,84268.76,36.876599,164,72.0,Greed,1.0,728.610574333331,427.98455537750056,96453.71666666673,143.66666666666666
2024-05-30,20.951433,20348.618645714287,2838.09,0.993326,7,73.0,Greed,1.0,476.0330853333309,580.1851074459031,79407.52333333342,140.66666666666666
2024-05-31,25.35812,2.152072923076923,3636.14,1.272646,13,73.0,Greed,1.0,108.0338353333309,147.0313524659507,30247.6633333334,61.333333333333336
2024-06-01,91.510419,1.1308718,12834.62,4.492106,25,72.0,Greed,1.0,45.939990666664244,39.52660719732676,6436.283333333401,15.0
2024-06-02,192.906947,1.0599227956989248,29464.51,7.792912,93,73.0,Greed,1.0,103.25849533333091,84.3899598916222,15311.756666666735,43.666666666666664
2024-06-03,562.808208,1.3030562857142858,21466.86,5.378086,70,73.0,Greed,1.0,282.4085246666643,248.06914516476934,21255.33000000007,62.666666666666664
2024-06-04,52.211438,13394.864554716982,24243.41,7.432953,53,73.0,Greed,1.0,269.308864333331,263.7332082102211,25058.260000000068,72.0
2024-06-05,56.055506,2682.9926944444446,25350.77,7.1040600000000005,54,75.0,Extreme Greed,,223.6917173333309,293.689785141302,23687.013333333405,59.0
2024-06-06,274.173187,30.647596965811967,137557.76,37.079424,234,78.0,Extreme Greed,,127.48004366666424,127.05452743034321,62383.980000000076,113.66666666666667
2024-06-07,8902.467416,1232.3513694545454,1098588.76,372.962664,440,77.0,Extreme Greed,,3077.5653696666645,5045.6918968289165,420499.09666666674,242.66666666666666
2024-06-08,129.13883900000002,10513.408993103449,97351.88,34.073137,29,72.0,Greed,1.0,3101.926480666664,5023.939201202908,444499.4666666668,234.33333333333334
2024-06-09,0.0,1091.865705882353,22410.22,7.515775,17,75.0,Extreme Greed,,3010.5354183333307,5102.971311773259,406116.9533333334,162.0
2024-06-10,31.266805,280.7776811320755,46587.93,14.696328,53,72.0,Greed,1.0,53.46854799999758,67.37134389968062,55450.010000000075,33.0
2024-06-11,4320.631811,8924.726208861788,373279.92,129.928213,123,74.0,Greed,1.0,1450.6328719999976,2485.5411554970624,147426.0233333334,64.33333333333333
2024-06-12,-21886.531493,1364.4425952755903,193407.96,63.921417,254,72.0,Greed,1.0,-5844.877625666668,14057.050086635258,204425.2700000001,143.33333333333334
2024-06-13,6632.757115,180.8725936708861,132577.22,33.39975,79,70.0,Greed,1.0,-3644.3808556666686,15840.408004900633,233088.36666666673,152.0
2024-06-14,10258.592609,1759.0960645161292,139868.66,38.954076,31,74.0,Greed,1.0,-1665.0605896666693,17605.89630999101,155284.6133333334,121.33333333333333
2024-06-15,3369.958346,2138.914496153846,718350.25,251.422549,78,74.0,Greed,1.0,6753.769356666664,3445.911123972774,330265.37666666677,62.666666666666664
2024-06-16,0.0,4.114990909090909,25235.08,8.832277,11,71.0,Greed,1.0,4542.85031833333,5228.904021248655,294484.6633333334,40.0
2024-06-17,10599.502375,1595.9607578947368,368380.12,128.933025,38,71.0,Greed,1.0,4656.486906999996,5415.600562551602,370655.1500000001,42.333333333333336
2024-06-18,282.57636,2787.8253600000003,263314.79,67.160258,25,74.0,Greed,1.0,3627.3595783333294,6039.7055998319065,218976.66333333342,24.666666666666668
2024-06-19,4887.656944,1563.7263098360656,417071.12,138.851743,61,64.0,Greed,1.0,5256.578559666664,5168.347701986152,349588.67666666675,41.333333333333336
2024-06-20,57478.456026,374.05558,207990.8,13.46905,39,60.0,Greed,1.0,20882.89644333333,31776.216383840652,296125.57000000007,41.666666666666664
2024-06-21,773.5582039999999,877.39821875,176264.49,61.277099,80,63.0,Greed,1.0,21046.557058,31617.936348242863,267108.8033333334,60.0
2024-06-22,756.876565,1765.2402375,169594.27000000002,40.533382,24,53.0,Neutral,,19669.630264999996,32743.40465862573,184616.5200000001,47.666666666666664
2024-06-23,0.0,3.09,1792.12,0.1792119999999999,5,55.0,Greed,1.0,510.14492299999756,441.87719008455474,115883.62666666675,36.333333333333336
2024-06-24,0.0,2708.865954838709,403002.8,103.551001,31,51.0,Neutral,,252.29218833333093,436.9828885461645,191463.06333333338,20.0
2024-06-25,4869.353105,3.248285714285714,103099.08,36.084651,49,30.0,Fear,0.0,1623.1177016666643,2811.3223259511046,169298.0000000001,28.333333333333332
2024-06-26,4197.732182,1472.1298,365190.66,127.5543,72,46.0,Neutral,,3022.3617623333307,2638.8959117145782,290430.84666666674,50.666666666666664
2024-06-27,0.0,1362.6499733333333,130486.95,45.556012,30,40.0,Fear,0.0,3022.3617623333307,2638.895911714578,199592.23000000007,50.333333333333336
2024-06-29,6150.326145,767.398007192,280095.11,460.295231,75,30.0,Fear,0.0,3449.352775666664,3142.718842711768,258590.90666666673,59.0
2024-06-30,0.0,724.8069907142857,30520.69,17.057669,14,47.0,Neutral,,2050.1087149999976,3550.8924554197547,147034.2500000001,39.666666666666664
2024-07-01,5065.839308,1312.7375605675,362670.15,425.323025,64,53.0,Neutral,,3738.7218176666643,3282.919211209622,224428.65000000005,51.0
2024-07-02,2421.253116,3.4119444444444444,33347.47,11.45873,18,51.0,Neutral,,2495.697474666664,2533.7400114302436,142179.43666666676,32.0
2024-07-03,1118.387284,2039.0916666666667,179600.66,62.628682,18,50.0,Neutral,,2868.493235999997,2011.3707177317456,191872.7600000001,33.333333333333336
2024-07-04,0.0,2795.886,430568.01,113.024645,25,44.0,Fear,0.0,1179.8801333333308,1211.7972977459378,214505.3800000001,20.333333333333332
2024-07-05,0.0,1837.889625,272289.89,95.130717,32,29.0,Fear,0.0,372.79576133333086,645.7011994757156,294152.85333333345,25.0
2024-07-06,108.872178,1.10232597125,2490.17,344.35416,24,26.0,Fear,0.0,36.290725999997576,62.85738127618503,235116.02333333343,27.0
2024-07-07,61.428942,3.9900000000000007,498.75,0.049875,10,29.0,Fear,0.0,56.76703999999757,54.58560051320886,91759.6033333334,22.0
2024-07-08,0.0,3.19,497.64,0.0156,1,28.0,Fear,0.0,56.76703999999757,54.58560051320886,1162.1866666667443,11.666666666666666
2024-07-09,648.984412,4.546446666666666,2736.45,0.397568,15,27.0,Fear,0.0,236.80445133333092,358.27729304306996,1244.2800000000775,8.666666666666666
2024-07-10,11977.734907,2410.458285714285,687900.21,240.76504,56,28.0,Fear,0.0,4208.9064396666645,6735.823409791221,230378.10000000006,24.0
2024-07-11,1876.812082,3151.1421052631576,169887.02,59.460443,19,29.0,Fear,0.0,4834.510466999997,6216.601301914454,286841.22666666674,30.0
2024-07-12,1412.314654,1621.380905263158,89582.97,31.354029,19,25.0,Fear,0.0,5088.953880999998,5970.3783366959215,315790.0666666667,31.333333333333332
2024-07-13,2913.617837,2416.179635294118,139189.19,48.71621,17,25.0,Fear,0.0,2067.581524333331,768.6172954843711,132886.3933333334,18.333333333333332
2024-07-14,0.0,3194.1857142857143,84001.13,29.400389,7,33.0,Fear,0.0,1441.9774969999974,1457.0353936031788,104257.76333333342,14.333333333333334
2024-07-15,-1.0,2752.529615384616,198344.85,68.995769,26,52.0,Neutral,,970.8726123333308,1682.4667919379424,140511.72333333342,16.666666666666668
2024-07-16,0.0,3446.881818181818,144000.57,50.400181,22,65.0,Greed,1.0,-0.33333333333575865,0.5773503558935065,142115.51666666675,18.333333333333332
2024-07-17,1859.269477,92.9923074074074,626005.53,206.601913,351,69.0,Greed,1.0,619.4231589999976,1073.738524592332,322783.6500000001,133.0
2024-07-18,3803.884311,2995.8028266666665,649704.85,227.396664,60,61.0,Greed,1.0,1887.7179293333309,1902.10171880954,473236.9833333334,144.33333333333334
2024-07-19,2155.891114,8050.626695652173,150269.42,52.594288,23,60.0,Greed,1.0,2606.3483006666643,1047.6475890861614,475326.6000000001,144.66666666666666
2024-07-20,2299.169566,124.9492365037594,244362.21,80.758418,266,74.0,Greed,1.0,2752.981663666664,912.9235780344014,348112.1600000001,116.33333333333333
2024-07-21,-2960.716887,27.973419642857145,234307.46,64.72334,448,74.0,Greed,1.0,498.1145976666642,2996.2924770778036,209646.3633333334,245.66666666666666
2024-07-22,1517.119876,481.8778051948052,304213.8,97.459536,154,70.0,Greed,1.0,285.19085166666423,2838.104687174081,260961.15666666673,289.3333333333333
2024-07-23,89890.302206,23.5789245945946,358526.54,59.243126,370,71.0,Greed,1.0,29482.235064999997,52362.80824500049,299015.9333333334,324.0
2024-07-24,625.561479,115.88352861011111,69207.93,55.067279,90,69.0,Greed,1.0,30677.661186999994,51281.58891285971,243982.75666666674,204.66666666666666
2024-07-25,916.73826,2688.136446210769,528555.31,224.185916,78,68.0,Greed,1.0,30477.533981666664,51453.172565335684,318763.26000000007,179.33333333333334
2024-07-26,2766.513113,826.2452972302632,548587.65,206.567015,152,68.0,Greed,1.0,1436.2709506666667,1161.1865213159072,382116.9633333334,106.66666666666667
2024-07-27,6400.623656,2922.802513681579,905199.75,316.819894,57,72.0,Greed,1.0,3361.291676333333,2789.9051800494153,660780.9033333334,95.66666666666667
2024-07-28,587.29903,607.7397125,43254.68,15.139122,16,71.0,Greed,1.0,3251.4785996666665,2936.848556575276,499014.0266666668,75.0
2024-07-29,330.804454,48349.08078974359,327199.14,114.519684,39,74.0,Greed,1.0,2439.575713333333,3432.7646248989504,425217.85666666675,37.333333333333336
2024-07-30,0.0,3295.4833333333336,36006.47,12.602264,6,67.0,Greed,1.0,306.03449466666666,294.43199694358805,135486.76333333342,20.333333333333332
2024-07-31,765.690884,256.78039232558143,84506.54,29.577267000000003,43,61.0,Greed,1.0,365.49844600000006,384.02263900878216,149237.38333333342,29.333333333333332
2024-08-01,167.080017,18740.47300252632,227774.53,108.095036,57,52.0,Neutral,,310.92363366666666,402.6026229452661,116095.84666666674,35.333333333333336
2024-08-02,782.3681909999999,14406.321016984128,396320.37,145.520462,63,57.0,Greed,1.0,571.7130306666667,350.521668309307,236200.48000000007,54.333333333333336
2024-08-03,464.1897,2718.8256902127027,290532.86,108.653106,37,37.0,Fear,0.0,471.212636,307.7042012859585,304875.9200000001,52.333333333333336
2024-08-04,-122672.000883,11138.705859755904,1207744.07,445.902235,127,34.0,Fear,0.0,-40475.147664,71184.74077158255,631532.4333333335,75.66666666666667
2024-08-05,-13013.665169,14847.670722625,420495.4,202.719158,80,26.0,Fear,0.0,-45073.82545066666,67539.0314247091,639590.7766666667,81.33333333333333
2024-08-06,267.318048,1056.048024274299,61478.38,62.621279,107,17.0,Extreme Fear,,-45139.449334666664,67472.7244225308,563239.2833333334,104.66666666666667
2024-08-07,188.789255,1.594288883939394,2492.77,3.7522038,33,29.0,Fear,0.0,-4185.852621999999,7645.210753573732,161488.8500000001,73.33333333333333
2024-08-08,-40.712217,520.3884688888888,16299.35,6.647995,9,20.0,Extreme Fear,,138.46502866666665,160.06266539975726,26756.833333333412,49.666666666666664
2024-08-09,18082.071276,4675.996384345139,503204.86,185.25438068,144,48.0,Neutral,,6076.716104666666,10397.575790721903,173998.9933333334,62.0
2024-08-10,0.0,1.867518552613636,11339.29,50.0831879,88,40.0,Fear,0.0,6013.7863529999995,10451.461147044643,176947.8333333334,80.33333333333333
2024-08-11,847.7766200000001,892.9076233333334,44230.21,40.931287,24,39.0,Fear,0.0,6309.949298666666,10203.765147545495,186258.12000000008,85.33333333333333
2024-08-12,858.6705000000001,855.5521279583332,54167.32,36.071895,48,25.0,Fear,0.0,568.8157066666668,492.6389654373612,36578.94000000008,53.333333333333336
2024-08-13,212.08102,458.5604338260869,20797.87,17.932876999999998,23,31.0,Fear,0.0,639.5093800000001,370.2038915967582,39731.800000000076,31.666666666666668
2024-08-14,2168.9015130000003,971.82196148,66710.03,46.493106,25,30.0,Fear,0.0,1079.8843443333335,996.9896108528571,47225.073333333414,32.0
2024-08-15,0.0,0.0322534166666666,1522.37,16.50261,12,29.0,Fear,0.0,793.6608443333333,1195.7047136839074,29676.75666666674,20.0
2024-08-16,825.230544,13243.149667228572,166382.84,81.187942,35,27.0,Fear,0.0,998.0440189999999,1094.7291062762504,78205.08000000007,24.0
2024-08-17,-288.283113,0.1719116666666666,30248.96,17.096539,30,25.0,Fear,0.0,178.98247699999988,577.9309745851886,66051.39000000007,25.666666666666668
2024-08-18,307.201888,2467.2810786666664,62804.48,21.981557,15,31.0,Fear,0.0,281.38310633333316,557.2056381581712,86478.76000000008,26.666666666666668
2024-08-19,339.699583,58542.625,100315.03,35.110258,8,28.0,Fear,0.0,119.53945266666652,353.55828210367616,64456.15666666674,17.666666666666668
2024-08-20,192.602844,1739.2645333333332,49914.8,17.470174,12,30.0,Fear,0.0,279.83477166666654,77.27277623602787,71011.43666666675,11.666666666666666
2024-08-21,656.200925,141.46601248275863,104990.41,36.746583,145,26.0,Fear,0.0,396.1677839999999,236.901431968367,85073.4133333334,55.0
2024-08-23,1005.30527,2683.83,63509.56,22.228342,10,34.0,Fear,0.0,618.0363463333332,407.6931561897726,72804.92333333341,55.666666666666664
2024-08-24,0.0,46230.142857142855,34999.67,12.249882,7,56.0,Greed,1.0,553.8353983333332,510.41032244514497,67833.21333333342,54.0
2024-08-25,0.0,19585.087261176468,21950.28,26.303603,17,54.0,Neutral,,335.1017566666665,580.4132682512256,40153.17000000008,11.333333333333334
2024-08-26,231.236918,2263.875,92611.27,32.302932,6,55.0,Greed,1.0,77.07897266666652,133.5046968494553,49853.74000000008,10.0
2024-08-27,0.0,372.7858502784,70250.16,52.053552,50,48.0,Neutral,,77.07897266666652,133.5046968494553,61603.903333333416,24.333333333333332
2024-08-28,1333.359645,15309.777777777776,71160.06999999999,24.906026,9,30.0,Fear,0.0,521.5321876666666,712.5064865813996,78007.16666666674,21.666666666666668
2024-08-29,0.0,60802.0,9995.85,3.498547,1,29.0,Fear,0.0,444.45321499999983,769.8155499665601,50468.69333333341,20.0
2024-08-30,256.464,11097.769382833334,37233.24,13.031176,6,34.0,Fear,0.0,529.9412149999998,707.4986403312412,39463.05333333341,5.333333333333333
2024-08-31,10.882801,11030.937086423237,107507.43,39.955315,34,29.0,Fear,0.0,89.11560033333319,145.03007960925052,51578.84000000008,13.666666666666666
2024-09-01,137.433093,44.57331249999999,12359.68,4.325861,12,26.0,Fear,0.0,134.92663133333318,122.80978416621105,52366.783333333406,17.333333333333332
2024-09-02,0.0,2426.1,30000.42,10.500148,2,26.0,Fear,0.0,49.438631333333184,76.39946204801238,49955.84333333341,16.0
2024-09-04,1065.785132,5402.028013264706,131480.97,63.570227,34,27.0,Fear,0.0,401.07274166666656,579.7446723849101,57947.02333333341,16.0
2024-09-05,0.0,7.79e-05,0.84,0.0,1,29.0,Fear,0.0,355.2617106666665,615.3313328575347,53827.41000000008,12.333333333333334
2024-09-06,-1104.856765,215.7303428571429,39047.1,13.666476,42,22.0,Extreme Fear,,-13.023877666666825,1085.379554484913,56842.97000000008,25.666666666666668
2024-09-08,0.0,0.11756,0.11,0.0,1,29.0,Fear,0.0,-368.28558833333346,637.8893506878127,13016.016666666743,14.666666666666666
2024-09-09,0.0,0.0115,4014.43,34.9079,2,26.0,Fear,0.0,-368.28558833333346,637.8893506878127,14353.880000000077,15.0
2024-09-10,-219.729659,1557.6705000000002,2547.28,7.2904,3,33.0,Fear,0.0,-73.24321966666682,126.86097776795462,2187.273333333411,2.0
2024-09-11,0.0,1.5e-05,0.54,0.0,1,37.0,Fear,0.0,-73.24321966666682,126.86097776795462,2187.4166666667447,2.0
2024-09-14,0.0,0.0106523636363636,1014.8,30.38133,11,50.0,Neutral,,-73.24321966666682,126.86097776795462,1187.5400000000775,5.0
2024-09-18,-878.684794,3.120756620689655,13633.5,31.732943,145,45.0,Neutral,,-292.8949313333335,507.30890234757646,4882.946666666744,52.333333333333336
2024-09-19,0.0,0.9843423684210526,1521.87,28.60766,19,49.0,Neutral,,-292.8949313333335,507.30890234757646,5390.056666666744,58.333333333333336
2024-09-20,9585.03428,17153.90225,332873.38,109.317031,16,54.0,Neutral,,2902.116495333333,5804.228142420055,116009.58333333342,60.0
2024-09-21,36165.56933,4.30038695652174,165648.12,57.976841,23,54.0,Neutral,,15250.201203333332,18736.533522577756,166681.1233333334,19.333333333333332
2024-09-22,0.0,62701.0,19999.74,6.999907,3,52.0,Neutral,,15250.201203333332,18736.533522577756,172840.41333333342,14.0
2024-09-23,334.760796,63672.0,40334.29,14.117002,2,50.0,Neutral,,12166.776708666666,20784.238058176576,75327.3833333334,9.333333333333334
2024-09-24,0.0,0.4286068,7118.63,12.966142,10,54.0,Neutral,,111.586932,193.27423568180524,22484.220000000078,5.0
2024-09-25,0.0,42295.14844444444,52754.130000000005,17.764677,9,59.0,Greed,1.0,111.586932,193.27423568180524,33402.35000000007,7.0
2024-09-26,439.812513,24173.9921375,113711.93,31.348204,8,50.0,Neutral,,146.604171,253.92587277128504,57861.56333333341,9.0
2024-09-27,0.0,11807.956114285716,126097.04,37.503311,56,61.0,Greed,1.0,146.604171,253.92587277128501,97521.0333333334,24.333333333333332
2024-09-28,0.0,4.101,29199.21,2.8031200000000003,4,64.0,Greed,1.0,146.604171,253.92587277128501,89669.39333333341,22.666666666666668
2024-09-30,2710.626288,6063.712550943396,214669.85,65.637576,106,61.0,Greed,1.0,903.542096,1564.980817048907,123322.0333333334,55.333333333333336
2024-10-01,0.0,62044.5,139954.32,48.98401,4,50.0,Neutral,,903.542096,1564.980817048907,127941.12666666675,38.0
2024-10-02,0.0,60911.0,99954.34,34.984016999999994,4,42.0,Fear,0.0,903.542096,1564.980817048907,151526.17000000007,38.0
2024-10-03,100.375782,26799.238066666665,132935.69,46.527491000000005,9,37.0,Fear,0.0,33.458594,57.95198474807201,124281.45000000007,5.666666666666667
2024-10-04,0.0,0.0011,0.34,0.0,1,41.0,Fear,0.0,33.458594,57.95198474807201,77630.1233333334,4.666666666666667
2024-10-05,5767.161892,60568.59460185676,605605.74,211.961771,37,49.0,Neutral,,1955.8458913333334,3301.0780159071005,246180.59000000008,15.666666666666666
2024-10-06,130.487079,62166.40909090909,300130.56,105.045693,22,50.0,Neutral,,1965.8829903333335,3292.650556259715,301912.21333333344,20.0
2024-10-07,0.0,63684.42857142857,219984.65,76.994616,21,50.0,Neutral,,1965.8829903333335,3292.650556259715,375240.3166666667,26.666666666666668
2024-10-08,5396.546638,58825.33341509444,434584.13,152.10422,36,49.0,Neutral,,1842.3445723333334,3078.7206697161087,318233.1133333334,26.333333333333332
2024-10-09,396.06272,61800.92857142857,220399.93,77.139967,14,49.0,Neutral,,1930.869786,3007.890199360465,291656.23666666675,23.666666666666668
2024-10-10,0.0,59323.25,300024.34,105.00851,16,39.0,Fear,0.0,1930.869786,3007.890199360465,318336.1333333334,22.0
2024-10-11,8885.327477,59195.38462157692,488904.19,171.116194,26,32.0,Fear,0.0,3093.7967323333337,5019.520663804131,336442.82000000007,18.666666666666668
2024-10-12,541.55471,62726.0,159713.4,55.899685,10,49.0,Neutral,,3142.294062333334,4980.978315297406,316213.97666666674,17.333333333333332
2024-10-13,0.0,62778.2,60002.42,21.000841,10,50.0,Neutral,,3142.294062333334,4980.978315297406,236206.67000000007,15.333333333333334
2024-10-14,1913.61958,64693.8,61916.02,21.670604,5,48.0,Neutral,,818.39143,986.3893254663491,93877.28000000007,8.333333333333334
2024-10-15,1170.226076,66652.28571428571,81173.36,28.410673,7,65.0,Greed,1.0,1027.948552,964.7109124579042,67697.26666666674,7.333333333333333
2024-10-16,219.480876,67576.54545454546,80229.17,28.080204,11,73.0,Greed,1.0,1101.108844,849.1815947817311,74439.51666666674,7.666666666666667
2024-10-17,36.11496,67400.11111111111,140531.75,49.186107,9,71.0,Greed,1.0,475.2739706666666,608.7894433356333,100644.76000000007,9.0
2024-10-18,333.219141,67397.0,120331.43,42.115998,6,73.0,Greed,1.0,196.271659,149.90571839025876,113697.45000000007,8.666666666666666
2024-10-19,0.0,68391.25,99996.86,34.998901000000004,4,72.0,Greed,1.0,123.11136700000002,182.8524818104568,120286.68000000007,6.333333333333333
2024-10-20,389.155797,4280.33074875,176447.86000000002,59.257459,96,73.0,Greed,1.0,240.791646,210.39888297593404,132258.71666666676,35.333333333333336
2024-10-21,2464.915564,4316.762150867052,324117.99,109.858043,173,72.0,Greed,1.0,951.3571203333332,1325.1433621987906,200187.57000000007,91.0
2024-10-22,0.0,67047.0,60000.36,21.000124,3,70.0,Greed,1.0,951.3571203333332,1325.1433621987906,186855.40333333344,90.66666666666667
2024-10-23,-46.489941,30954.322222222225,210006.07,73.502111,18,71.0,Greed,1.0,806.1418743333334,1436.728208047774,198041.4733333334,64.66666666666667
2024-10-25,13235.862071,56633.085333333336,427883.18,143.841914,30,72.0,Greed,1.0,4396.457376666666,7655.184311386886,232629.87000000008,17.0
2024-10-26,42471.99413,2.6499333333333337,88668.86,8.512204,6,,,,18553.78875333333,21752.370677077317,242186.03666666674,18.0
2024-10-27,666.6623079999999,67737.75,90664.41,31.73254,4,74.0,Greed,1.0,18791.506169666667,21449.250061486233,202405.4833333334,13.333333333333334
2024-10-28,167.28016200000002,52838.49888384615,121495.25,42.27334,13,72.0,Greed,1.0,14435.312200000002,24281.76261857705,100276.17333333341,7.666666666666667
2024-10-29,801.170876,51081.13156396226,613267.8099999999,214.643714,53,72.0,Greed,1.0,545.037782,333.98915149487857,275142.49000000005,23.333333333333332
2024-10-30,9.150023,646.6885008,11830.85,3.596988,25,77.0,Extreme Greed,,325.86702033333336,419.149855806503,248864.63666666672,30.333333333333332
2024-10-31,1214.043811,42753.894183125,896173.36,312.710928,48,77.0,Extreme Greed,,674.7882366666666,612.3084914752995,507090.67333333334,42.0
2024-11-01,1040.475736,27379.532136956524,260981.03,90.654875,23,75.0,Extreme Greed,,754.5565233333333,651.3482994666184,389661.74666666676,32.0
2024-11-02,0.0,68880.0,40000.0,13.999997,2,72.0,Greed,1.0,751.5065156666666,656.5843445291362,399051.4633333334,24.333333333333332
2024-11-03,0.0,45208.04899166667,129055.66,40.404152,6,74.0,Greed,1.0,346.8252453333334,600.7189462639354,143345.5633333334,10.333333333333334
2024-11-04,2799.410474,49681.014294444445,451811.97,158.13418,36,70.0,Greed,1.0,933.1368246666666,1616.240390735805,206955.87666666674,14.666666666666666
2024-11-05,678.4759280000001,67511.4,200627.23,70.219524,10,70.0,Greed,1.0,1159.2954673333334,1460.3305524906407,260498.28666666674,17.333333333333332
2024-11-06,2817.83723,58370.23423933333,123906.9,43.36741,15,70.0,Greed,1.0,2098.574544,1229.8759879381503,258782.0333333334,20.333333333333332
2024-11-07,4493.353136,1338.6989985840708,111335.3,26.17844238,113,77.0,Extreme Greed,,2663.222098,1912.1326855924049,145289.81000000008,46.0
2024-11-08,-64.41354100000007,46749.91446666667,270700.44,93.878257,39,75.0,Extreme Greed,,2415.5922750000004,2305.3546415592864,168647.54666666675,55.666666666666664
2024-11-09,102.90894,8015.27303244186,193384.41,66.18450299999999,86,75.0,Extreme Greed,,1510.6161783333337,2584.4804162797977,191806.7166666667,79.33333333333333
2024-11-10,991.114334,22619.335545589594,413636.7,142.313546,173,78.0,Extreme Greed,,343.20324433333354,567.3101340939141,292573.8500000001,99.33333333333333
2024-11-11,6749.630996,6882.198738908847,1570572.42,396.91055,373,76.0,Extreme Greed,,2614.551423333334,3608.516247669581,725864.5100000001,210.66666666666666
2024-11-12,3494.399394,33638.82797450292,1226354.52,427.904853,171,80.0,Extreme Greed,,3745.048241333334,2887.4291627906387,1070187.8800000001,239.0
2024-11-13,7846.402274,46411.560992520834,515336.37,179.184068,48,84.0,Extreme Greed,,6030.144221333333,2263.4549213693217,1104087.7700000003,197.33333333333334
2024-11-14,4563.509225,33402.97117528182,1008361.81,335.028802,110,88.0,Extreme Greed,,5301.436964333334,2267.9032779726385,916684.2333333334,109.66666666666667
2024-11-15,4140.740438,47181.7405247651,1427858.42,466.427513,149,80.0,Extreme Greed,,5516.883979000001,2028.466163599704,983852.2000000001,102.33333333333333
2024-11-16,2769.521909,8005.464557764331,303296.07,100.171303,157,86.0,Extreme Greed,,3824.5905240000006,937.848974293126,913172.1,138.66666666666666
2024-11-17,882.975285,13599.930072669857,1215987.57,271.111689,209,90.0,Extreme Greed,,2597.7458773333333,1635.6615486754765,982380.6866666666,171.66666666666666
2024-11-18,4470.815187,13431.133118797688,2084339.58,445.104339,346,83.0,Extreme Greed,,2707.770793666667,1794.7168831819527,1201207.74,237.33333333333334
2024-11-19,2958.268991,15993.576337872131,628031.15,201.486933,305,90.0,Extreme Greed,,2770.6864876666673,1801.2604440397447,1309452.7666666668,286.6666666666667
2024-11-20,4210.092897,9792.793397765454,1999514.12,644.057369,550,83.0,Extreme Greed,,3879.7256916666665,808.582628138354,1570628.2833333332,400.3333333333333
2024-11-21,1692.430891,7300.062138975701,598300.62,198.628267,535,82.0,Extreme Greed,,2953.597593,1258.8375036446341,1075281.9633333334,463.3333333333333
2024-11-22,-18105.345617,9893.695111284242,1646713.62,436.439059,679,94.0,Extreme Greed,,-4067.6072763333336,12222.038650932182,1414842.7866666669,588.0
2024-11-23,2901.531638,4723.455523900826,516245.68,154.621867,363,93.0,Extreme Greed,,-4503.794362666667,11794.79243341274,920419.9733333335,525.6666666666666
2024-11-24,945.550386,19953.478843476743,664952.28,202.583126,172,80.0,Extreme Greed,,-4752.7545310000005,11604.9658421293,942637.1933333334,404.6666666666667
2024-11-25,5523.740734,14680.957598172548,937410.87,283.779701,255,82.0,Extreme Greed,,3123.6075859999996,2297.160205697233,706202.9433333334,263.3333333333333
2024-11-26,1094.809359,10192.743361337749,1146902.44,311.298478,302,79.0,Extreme Greed,,2521.3668263333325,2601.2028700838127,916421.8633333333,243.0
2024-11-27,-2654.495633,19940.432149488264,1444242.53,439.714536,213,75.0,Extreme Greed,,1321.3514866666662,4093.8219942170153,1176185.28,256.6666666666667
2024-11-28,-127075.399585,4420.7387338072285,1894225.15,315.582009,332,77.0,Extreme Greed,,-42878.36195300001,72940.86770449113,1495123.3733333333,282.3333333333333
2024-11-29,176844.994152,1859.8201062210944,794262.91,192.45173557,393,78.0,Extreme Greed,,15705.032977999994,152789.7432762647,1377576.8633333333,312.6666666666667
2024-11-30,37316.69352,3435.1424477873725,1732193.7,552.3753395,373,84.0,Extreme Greed,,29028.762695666665,152129.61177997195,1473560.5866666667,366.0
2024-12-01,40886.364494,6389.235122030456,814711.82,245.38375138,416,81.0,Extreme Greed,,85016.01738866667,79546.25300896494,1113722.81,394.0
2024-12-02,18489.604313,6137.360651434223,585243.56,147.88781359,270,80.0,Extreme Greed,,32230.887442333333,12033.402853973983,1044049.6933333334,353.0
2024-12-03,23576.539285,2354.399729529412,1084666.53,330.57309171,374,76.0,Extreme Greed,,27650.836030666662,11741.108854367989,828207.3033333333,353.3333333333333
2024-12-04,292891.815021,3922.991142316614,769287.65,172.60641765,319,78.0,Extreme Greed,,111652.652873,156978.32541129398,813065.9133333334,321.0
2024-12-05,71574.11848800001,4881.7428253070175,1256750.79,352.76572323,456,84.0,Extreme Greed,,129347.49093133333,143652.36287230536,1036901.6566666667,383.0
2024-12-06,-92624.643895,15604.850347196028,3471019.22,691.99378587,403,72.0,Greed,1.0,90613.76320466667,193462.18254993827,1832352.5533333335,392.6666666666667
2024-12-07,85906.279067,1359.7200135328949,451733.42,108.4520379,304,75.0,Extreme Greed,,21618.584553333334,99196.71940865337,1726501.1433333333,387.6666666666667
2024-12-08,15965.933436,1787.932218347619,932939.72,234.17888346,420,79.0,Extreme Greed,,3082.5228693333315,89960.04287620065,1618564.12,375.6666666666667
2024-12-09,6310.967676,3534.281893526901,983949.68,174.77343643,539,78.0,Extreme Greed,,36061.06005966666,43436.3210271479,789540.94,421.0
2024-12-10,39325.770231,2885.2128903966163,3150424.08,453.54068535,1596,78.0,Extreme Greed,,20534.223781000004,16974.87126441798,1689104.4933333334,851.6666666666666
2024-12-11,319051.554217,4356.67425052498,2194098.33,413.50923006,1221,74.0,Greed,1.0,121562.76404133334,171825.0883332314,2109490.696666667,1118.6666666666667
2024-12-12,599151.795008,2265.6843708274846,4557189.87,698.96545151,1932,83.0,Extreme Greed,,319176.373152,279913.0332607423,3300570.7600000002,1583.0
2024-12-13,31935.901745,4577.503724812446,2880824.64,453.22737636,1173,76.0,Extreme Greed,,316713.0836566667,283615.1771784382,3210704.28,1442.0
2024-12-14,167801.399244,2159.90745817328,2369561.78,232.09144503,1235,83.0,Extreme Greed,,266296.3653323333,296157.7470725563,3269192.096666666,1446.6666666666667
2024-12-15,97525.315279,1595.8074837011786,2583269.81,231.33057038,1697,80.0,Extreme Greed,,99087.538756,67946.21961012097,2611218.7433333336,1368.3333333333333
2024-12-16,166774.344133,3014.2459456306638,2740808.97,402.150056,1055,83.0,Extreme Greed,,144033.6862186667,40280.704265771,2564546.8533333335,1329.0
2024-12-17,219591.305172,1052.0018582095724,5233597.63,746.14038598,1941,87.0,Extreme Greed,,161296.98819466666,61217.05271569279,3519225.47,1564.3333333333333
2024-12-18,13682.994673,5035.001314213366,3798887.07,691.44797021,1429,81.0,Extreme Greed,,133349.54799266666,106946.11180826211,3924431.223333333,1475.0
2024-12-19,62744.004486000005,2950.7475688442946,8241709.39,1056.23317908,3339,75.0,Extreme Greed,,98672.76811033335,107553.31294208507,5758064.696666666,2236.3333333333335
2024-12-20,254969.660039,1281.1534623320258,7681274.71,1210.83830578,2488,74.0,Greed,1.0,110465.553066,127525.77531627093,6573957.056666668,2418.6666666666665
2024-12-21,150022.163157,3657.2952470862574,4382875.12,680.39159713,1681,73.0,Greed,1.0,155911.94256066668,96248.07940558117,6768619.739999999,2502.6666666666665
2024-12-22,352197.163973,1463.3598931589147,3087320.22,333.05684453,774,73.0,Greed,1.0,252396.32905633337,101112.06289556737,5050490.016666668,1647.6666666666667
2024-12-23,-29430.626577,1741.0217452281254,6771878.26,1200.89694657,2347,70.0,Greed,1.0,157596.23351766667,190926.60248480286,4747357.866666667,1600.6666666666667
2024-12-24,14813.780116,11362.672453045592,1767036.11,386.78244023,338,73.0,Greed,1.0,112526.77250400001,208736.23138085468,3875411.5300000007,1153.0
2024-12-25,756.6570469999998,3392.6270428030766,347889.35,66.51878221999999,208,73.0,Greed,1.0,-4620.0631379999995,22606.939661634213,2962267.9066666677,964.3333333333334
2024-12-26,60228.639722,4755.660897423242,2205242.65,523.35899848,697,79.0,Extreme Greed,,25266.35896166667,31083.29912054967,1440056.0366666678,414.3333333333333
2024-12-27,2672.811035,13201.857670753849,347913.0,88.5556466,260,74.0,Greed,1.0,21219.369268,33796.60186381836,967015.0000000008,388.3333333333333
2024-12-28,940.673623,4138.285644782609,281555.01,48.40849263,161,72.0,Greed,1.0,21280.70812666667,33741.01519915512,944903.5533333343,372.6666666666667
2024-12-29,2884.067927,7062.877761626865,344628.54,72.1173571,201,73.0,Greed,1.0,2165.850861666667,1066.2794278462868,324698.85000000097,207.33333333333334
2024-12-30,9009.738137,12587.64033930592,1073865.73,284.90632048,304,65.0,Greed,1.0,4278.159895666667,4211.302630497191,566683.0933333343,222.0
2024-12-31,5445.01281,28739.59996418628,877164.62,266.51641113,306,64.0,Greed,1.0,5779.6062913333335,3076.511576244526,765219.6300000009,270.3333333333333
2025-01-01,-9528.065345,8822.579264114584,282582.1,31.60438221,96,66.0,Greed,1.0,1642.2285339999999,9836.585569784427,744537.4833333343,235.33333333333334
2025-01-02,8716.519087,10094.891613861497,774674.84,176.13969323,361,70.0,Greed,1.0,1544.4888506666666,9727.629754576807,644807.1866666676,254.33333333333334
2025-01-03,6028.486793,9803.075828159448,771208.99,210.99783681,508,74.0,Greed,1.0,1738.9801783333332,9849.675909494676,609488.6433333341,321.6666666666667
2025-01-04,2553.537968,7797.149899172507,1826029.62,233.711971,371,73.0,Greed,1.0,5766.181282666667,3089.85229483291,1123971.150000001,413.3333333333333
2025-01-05,3187.719363,7824.165539405858,451943.57,139.34161097,239,72.0,Greed,1.0,3923.2480413333337,1850.559148369413,1016394.060000001,372.6666666666667
2025-01-06,6064.185393,7217.135723097731,556526.99,174.93108825,573,76.0,Extreme Greed,,3935.147574666667,1870.8682568247891,944833.3933333341,394.3333333333333
2025-01-07,16098.227531,9068.043705916796,1313178.1,303.38645263,637,78.0,Extreme Greed,,8450.044095666666,6777.871834200551,773882.8866666676,483.0
2025-01-08,130117.090554,6518.9895779990375,3177275.18,696.91291038,1039,70.0,Greed,1.0,50759.83449266667,68908.28010910471,1682326.7566666675,749.6666666666666
2025-01-09,46975.928902,6362.898092735632,1020733.25,275.51377943,522,69.0,Greed,1.0,64397.082329,58972.007947073835,1837062.1766666675,732.6666666666666
2025-01-10,-10116.875552,31588.40589572161,6547449.68,2094.17917505,819,50.0,Neutral,,55658.71463466666,70519.03564651367,3581819.370000001,793.3333333333334
2025-01-11,2269.080536,30131.13514043109,1658098.71,494.64797735,283,69.0,Greed,1.0,13042.711295333334,30032.489405800872,3075427.2133333334,541.3333333333334
2025-01-12,5742.241803,12893.280709518272,2258459.17,612.0827527,602,62.0,Greed,1.0,-701.8510709999997,8336.529660479366,3488002.520000001,568.0
2025-01-13,9655.429352,29317.207596281864,2936648.01,863.10012478,408,61.0,Greed,1.0,5888.917230333333,3695.3582327936465,2284401.963333334,431.0
2025-01-14,16069.512355,21343.217767563638,876581.97,240.59104948,275,63.0,Greed,1.0,10489.06117,5213.859968350659,2023896.3833333338,428.3333333333333
2025-01-15,14819.5883,28411.1857780412,1801599.89,513.60899482,267,70.0,Greed,1.0,13514.843335666666,3400.277159120903,1871609.956666667,316.6666666666667
2025-01-16,20807.709328,30076.24313476011,3049692.96,890.56916796,371,75.0,Extreme Greed,,17232.269994333332,3158.8609272007398,1909291.6066666674,304.3333333333333
2025-01-17,7006.415608,8905.736269495797,1110230.46,351.41464889,238,75.0,Extreme Greed,,14211.237745333334,6920.729360730794,1987174.4366666675,292.0
2025-01-18,443.2330819999997,9620.95311349616,2711629.88,815.9342014599999,651,77.0,Extreme Greed,,9419.119339333332,10394.413291037574,2290517.766666667,420.0
2025-01-19,87923.799302,6104.771320986599,9715215.3,2162.35563971,1567,77.0,Extreme Greed,,31791.149330666667,48722.937471180834,4512358.546666668,818.6666666666666
2025-01-20,87277.239173,16330.118057409887,8287327.01,2207.65981966,1315,76.0,Extreme Greed,,58548.090519,50321.321061064154,6904724.063333335,1177.6666666666667
2025-01-21,11077.839421,19761.02999872815,1523729.82,398.3042653,530,76.0,Extreme Greed,,62092.959298666676,44181.57253991367,6508757.376666666,1137.3333333333333
2025-01-22,20524.408057,8344.303495522838,1778406.43,471.17013976,832,84.0,Extreme Greed,,39626.49555033333,41536.18230643645,3863154.4200000004,892.3333333333334
2025-01-23,101256.24216,6983.956473275615,3697028.66,1088.34986968,1218,75.0,Extreme Greed,,44286.16321266667,49563.10963002359,2333054.9700000007,860.0
2025-01-24,10602.779738,5079.286193251716,1611433.45,338.6436011,874,75.0,Extreme Greed,,44127.809985,49722.76137952623,2362289.513333334,974.6666666666666
2025-01-25,-10348.016256,3985.267088405138,1239377.7,318.93376206,506,75.0,Extreme Greed,,33837.00188066666,59319.04780993574,2182613.270000001,866.0
2025-01-26,40823.466668,18.065921855875832,1201173.66,382.25815423,451,73.0,Greed,1.0,13692.743383333334,25725.300244262446,1350661.6033333337,610.3333333333334
2025-01-27,41331.765392,11661.276710637774,1508028.31,406.25916743,773,71.0,Greed,1.0,23935.738601333334,29691.690373512436,1316193.2233333339,576.6666666666666
2025-01-28,17979.613973,6429.960821865462,579412.17,124.71028463,498,72.0,Greed,1.0,33378.282011,13338.0592631247,1096204.713333334,574.0
2025-01-29,23421.01147,581.4878012956043,1897513.41,612.52114509,910,72.0,Greed,1.0,27577.463611666666,12218.339280707523,1328317.9633333338,727.0
2025-01-30,23097.471385,8261.57404625867,3014397.17,874.65111573,1067,70.0,Greed,1.0,21499.365609333334,3052.4839447219456,1830440.9166666672,825.0
2025-01-31,35868.296773,6716.441229059054,2783411.48,670.93805151,1016,76.0,Extreme Greed,,27462.259876,7281.638674225397,2565107.353333334,997.6666666666666
2025-02-01,32300.205017,4211.306208217666,1363746.44,285.47738189,634,68.0,Greed,1.0,30421.991058333337,6589.329330715238,2387185.0300000007,905.6666666666666
2025-02-02,162854.759623,5409.088864621683,5661092.29,1184.12208921,1319,60.0,Greed,1.0,77007.75380433333,74367.09034053619,3269416.736666667,989.6666666666666
2025-02-03,348871.326269,4859.416197735714,22592901.37,2991.56562406,2380,44.0,Fear,0.0,181342.09696966666,159093.22717926814,9872580.033333333,1444.3333333333333
2025-02-04,416876.88812,15703.124947818073,15678409.27,3853.77856394,2512,72.0,Greed,1.0,309534.32467066665,131500.41905863665,14644134.310000002,2070.3333333333335
2025-02-05,56706.235562,21926.164488164224,8743231.51,1335.74961667,1297,54.0,Neutral,,274151.48331700003,191358.34431529904,15671514.050000003,2063.0
2025-02-06,33803.799733,2869.875065266001,2818508.87,709.13035861,1703,49.0,Neutral,,169128.9744716667,214861.3551329133,9080049.883333333,1837.3333333333333
2025-02-07,22450.002091,23967.33330591798,3460263.54,738.0892383400001,1524,44.0,Fear,0.0,37653.34579533335,17449.545454522122,5007334.64,1508.0
2025-02-08,586.703253,17096.856943027826,839734.97,109.97628618,575,44.0,Fear,0.0,18946.835025666685,16883.364867707303,2372835.7933333335,1267.3333333333333
2025-02-09,150551.829492,1661.4545370450262,2920919.7,427.36182496,764,46.0,Neutral,,57862.84494533335,81011.95498961299,2406972.736666667,954.3333333333334
2025-02-10,63908.49465,34318.415525228345,3624958.44,491.3623421,889,43.0,Fear,0.0,71682.34246500002,75284.19026832849,2461871.0366666666,742.6666666666666
2025-02-11,-6093.784817,19989.86707794811,2797544.17,476.43012785,848,47.0,Neutral,,69455.51310833335,78469.9890460921,3114474.1033333335,833.6666666666666
2025-02-12,19848.635032,20122.266069995152,4143974.54,1099.15503114,1031,46.0,Neutral,,25887.781621666694,35389.73369909141,3522159.0500000003,922.6666666666666
2025-02-13,27829.534238,19088.377477377373,3199852.21,823.48748402,1370,50.0,Neutral,,13861.461484333362,17736.47595336355,3380456.973333333,1083.0
2025-02-14,213860.675308,20052.512642015045,4007103.42,961.57771575,1655,48.0,Neutral,,87179.61485933336,109781.5649156685,3783643.39,1352.0
2025-02-15,45042.92701,11469.872673227468,1712852.95,374.08731802,932,50.0,Neutral,,95577.71218533337,102796.98315850216,2973269.526666667,1319.0
2025-02-16,2369.478425,3744.413148171806,806177.64,171.57200528,681,54.0,Neutral,,87091.02691433336,111839.90172976979,2175378.0033333334,1089.3333333333333
2025-02-17,1818.573295,4732.56718405526,2031044.64,253.48675564,941,51.0,Neutral,,16410.326243333362,24798.08952546657,1516691.7433333334,851.3333333333334
2025-02-18,91204.672403,6687.451669075776,3371128.68,609.53940291,1676,47.0,Neutral,,31797.5747076667,51448.79314962328,2069450.32,1099.3333333333333
2025-02-19,14985.794701,18063.043201803303,3263930.24,688.4874495,1361,44.0,Fear,0.0,36003.01346633337,48257.240823618464,2888701.186666667,1326.0
2025-02-20,46008.794102,16106.864259217198,4628609.29,1232.46402475,2012,49.0,Neutral,,50733.0870686667,38328.42988649912,3754556.0700000003,1683.0
2025-02-21,119693.49395,15982.61099378804,3972159.88,829.71831377,1873,55.0,Greed,1.0,60229.360917666694,53782.84076658546,3954899.803333333,1748.6666666666667
2025-02-22,25278.704178,16330.238533271136,3175570.2,880.16463397,686,49.0,Neutral,,63660.33074333336,49620.76874931491,3925446.456666667,1523.6666666666667
2025-02-23,10656.934251,6653.326019425,1141310.74,230.00271917,520,50.0,Neutral,,51876.3774596667,59184.62643074729,2763013.606666667,1026.3333333333333
2025-02-24,38470.176242,415.2820556340812,11223619.59,2097.96443324,5616,49.0,Neutral,,24801.938223666697,13912.74907571795,5180166.843333334,2274.0
2025-02-25,204762.177034,1141.5425229423631,19414984.36,3186.61506431,6246,25.0,Fear,0.0,84629.76250900002,104963.05003293921,10593304.896666666,4127.333333333333
2025-02-26,63229.063129,1021.7923438341836,4946958.13,754.17254667,1176,21.0,Extreme Fear,,102153.80546833336,89719.6135551711,11861854.026666665,4346.0
2025-02-27,-36525.167517,3783.741142521348,1999898.43,512.14597331,890,10.0,Extreme Fear,,77155.35754866668,121245.00780368515,8787280.306666667,2770.6666666666665
2025-02-28,225628.108748,2374.567007783121,4123660.77,878.39826396,1019,16.0,Extreme Fear,,84110.66812000002,132318.23810181447,3690172.4433333348,1028.3333333333333
2025-03-01,10596.108968,3119.315583793103,263824.13,37.06354539,174,20.0,Extreme Fear,,66566.35006633335,139751.8729054195,2129127.776666668,694.3333333333334
2025-03-02,66914.320708,9371.077831221804,6460848.74,1931.69694201,532,26.0,Fear,0.0,101046.17947466667,111505.28269771452,3616111.213333335,575.0
2025-03-03,616413.032233,3500.2799614203777,8244590.38,1040.56404242,1482,33.0,Fear,0.0,231307.82063633334,334697.55487989885,4989754.416666668,729.3333333333334
2025-03-04,182075.566585,2545.786879941715,11124247.15,2220.33648528,2402,15.0,Extreme Fear,,288467.63984200003,289787.272720613,8609895.423333334,1472.0
2025-03-05,269328.365917,3657.355850823494,9193654.22,2321.32151085,1660,20.0,Extreme Fear,,355938.98824499996,229757.06396412378,9520830.583333336,1848.0
2025-03-06,16101.125561,5795.717284914474,6765324.96,1306.61716326,760,25.0,Fear,0.0,155835.01935433334,128636.82813954356,9027742.110000001,1607.3333333333333
2025-03-07,150236.061627,4468.829034675548,19854275.48,4916.50104687,2552,34.0,Fear,0.0,145221.85103500003,126688.06394240352,11937751.553333335,1657.3333333333333
2025-03-08,24700.773359,3131.854198517958,892083.51,208.339773,529,28.0,Fear,0.0,63679.32018233335,75083.55747233583,9170561.316666668,1280.3333333333333
2025-03-09,19773.457395,806.5426083241913,10419697.99,2377.0639268,1422,27.0,Fear,0.0,64903.43079366668,73941.28092179445,10388685.660000002,1501.0
2025-03-10,-10010.02727,2998.767983825833,16811790.68,3488.37247123,2911,20.0,Extreme Fear,,11488.06782800002,18780.193829783984,9374524.06,1620.6666666666667
2025-03-11,-76880.729036,2341.3900885374314,14016952.09,2441.08024204,3286,24.0,Extreme Fear,,-22372.432970333317,49498.78528493757,13749480.253333336,2539.6666666666665
2025-03-12,288105.984215,4000.6491172159776,18618139.15,3658.41357197,3968,34.0,Fear,0.0,67071.74263633335,194319.38825387857,16482293.973333335,3388.3333333333335
2025-03-13,14114.870873,5443.617843656964,3285591.22,809.18670717,962,45.0,Neutral,,75113.37535066668,189985.36357789737,11973560.82,2738.6666666666665
2025-03-14,68646.160089,4004.7944216610863,8047187.16,1193.48707492,2210,27.0,Fear,0.0,123622.33839233336,145032.98825862713,9983639.176666668,2380.0
2025-03-15,78694.624572,23597.128657252877,2355749.54,574.332888,261,46.0,Neutral,,53818.55184466668,34749.52692687234,4562842.6400000015,1144.3333333333333
2025-03-16,-7910.943544999999,50519.7275055283,10187921.51,2442.48300218,530,30.0,Fear,0.0,46476.61370533335,47368.21399799898,6863619.403333333,1000.3333333333334
2025-03-17,26163.906513,9535.147864272823,3592895.05,807.74000798,920,32.0,Fear,0.0,32315.862513333355,43629.302414656995,5378855.366666667,570.3333333333334
2025-03-18,72322.788824,11904.9902331247,4050655.47,857.936131,834,34.0,Fear,0.0,30191.91726400002,40268.24562136639,5943824.010000002,761.3333333333334
2025-03-19,29374.682341,15006.281201493795,4598813.57,784.4900710184,1612,32.0,Fear,0.0,42620.45922600003,25773.019963046085,4080788.0300000007,1122.0
2025-03-20,10246.859436,2358.06017454345,1652257.93,329.235446,771,49.0,Neutral,,37314.77686700002,31790.55013926838,3433908.9900000007,1072.3333333333333
2025-03-21,6951.270374,4097.717261760745,2543903.39,633.46068283,698,31.0,Fear,0.0,15524.27071700002,12107.462716525493,2931658.2966666673,1027.0
2025-03-22,12498.535254,3803.037827611215,971809.42,268.83480197,535,32.0,Fear,0.0,9898.888354666686,2789.9551640285254,1722656.913333334,668.0
2025-03-23,14047.421585,5709.453012297539,2593519.67,597.21601403,447,30.0,Fear,0.0,11165.742404333354,3731.098107450667,2036410.8266666674,560.0
2025-03-24,107878.961301,3414.229185942551,3017587.05,531.10535137,1027,45.0,Neutral,,44808.306046666694,54626.279645192735,2194305.3800000004,669.6666666666666
2025-03-25,32030.90678,11769.79868919722,5372519.77,1401.35398577,791,46.0,Neutral,,51319.09655533335,49800.754612513265,3661208.8300000005,755.0
2025-03-26,15802.167427,1063.4996657601548,7597754.37,1796.80351609,3102,47.0,Neutral,,51904.01183600002,49150.17010096573,5329287.0633333335,1640.0
2025-03-27,58825.359221,9118.37818057707,3240279.46,714.0241193,785,40.0,Fear,0.0,35552.81114266669,21726.74885459491,5403517.866666667,1559.3333333333333
2025-03-28,21337.179335,7612.338172063187,1483092.61,389.28339505,728,44.0,Fear,0.0,31988.235327666684,23405.821996994764,4107042.146666667,1538.3333333333333
2025-03-29,12098.872931,2414.803543719641,3668151.83,839.84451462,1894,26.0,Fear,0.0,30753.803829000022,24745.620681205928,2797174.6333333342,1135.6666666666667
2025-03-30,15795.11514,7603.879054272887,2850874.96,759.07175327,568,32.0,Fear,0.0,16410.389135333353,4649.784712278005,2667373.1333333342,1063.3333333333333
2025-03-31,6978.184557,8426.110126818183,2164772.47,482.00163111,495,34.0,Fear,0.0,11624.057542666686,4427.601321945819,2894599.753333334,985.6666666666666
2025-04-01,-2202.6622420000003,11425.36599246875,704445.1900000001,162.93599482,192,34.0,Fear,0.0,6856.879151666686,8999.501870882514,1906697.5400000007,418.3333333333333
2025-04-02,202212.740938,7414.856134767658,3867930.6,1181.2230379,1076,44.0,Fear,0.0,68996.08775100003,115460.29404841189,2245716.0866666674,587.6666666666666
2025-04-03,-2365.961276,4420.623526697368,8670233.15,1337.1188527,1748,25.0,Fear,0.0,65881.37247333337,118066.45665569091,4414202.98,1005.3333333333334
2025-04-04,-25515.67895,4732.811766900943,3835545.73,836.063409361,1272,28.0,Fear,0.0,58110.36690400002,125331.9512685117,5457903.160000001,1365.3333333333333
2025-04-05,35907.33771,10940.511464127778,1267564.22,282.060344,360,30.0,Fear,0.0,2675.232494666685,31020.267082646198,4591114.366666667,1126.6666666666667
2025-04-06,47053.449272,4081.843948900764,3551252.06,618.4359126335,1048,34.0,Fear,0.0,19148.369344000017,39079.62203303272,2884787.3366666674,893.3333333333334
2025-04-07,34527.370305,10523.865138202558,14460253.14,2766.5551014029,2814,23.0,Extreme Fear,,39162.71909566668,6868.318174522267,6426356.473333334,1407.3333333333333
2025-04-08,34899.394798,31685.96511792683,8869391.4,2274.97769106,943,24.0,Extreme Fear,,38826.73812500002,7126.968694891449,8960298.866666667,1601.6666666666667
2025-04-09,43120.444797,13917.529131650615,28556806.47,6111.274358194,3967,18.0,Extreme Fear,,37515.73663333335,4857.3826033920905,17295483.669999998,2574.6666666666665
2025-04-10,158261.822261,39246.50578036154,28741953.29,6868.556500782,2127,39.0,Fear,0.0,78760.55395200002,68972.71317576394,22056050.386666667,2345.6666666666665
2025-04-11,126406.479081,18896.037772089418,11319327.07,2174.4390780901,1096,25.0,Fear,0.0,109262.91537966668,59454.27262495999,22872695.61,2396.6666666666665
2025-04-12,410419.694533,52901.409214082974,55914617.49,11517.596374457,2109,43.0,Fear,0.0,231695.998625,155596.62699281212,31991965.95,1777.3333333333333
2025-04-13,48696.021521,32683.551292376986,14171154.79,2568.3362202649,1321,45.0,Neutral,,195174.06504500002,190414.65165215134,27135033.11666667,1508.6666666666667
2025-04-14,45680.443063,32893.321598730334,13079972.98,2023.157718567,890,31.0,Fear,0.0,168265.38637233336,209717.20279685545,27721915.08666667,1440.0
2025-04-15,72357.706282,63863.56281482317,20752168.24,1866.90475939,1131,38.0,Fear,0.0,55578.056955333355,14609.616764428712,16001098.67,1114.0
2025-04-16,58631.730257,48069.12341485696,36502715.9,5997.61790529,1608,29.0,Fear,0.0,58889.95986733335,13340.506179026783,23444952.373333335,1209.6666666666667
2025-04-17,5427.919886,1747.3123040737148,2604551.51,519.20873692,1031,30.0,Fear,0.0,45472.45214166669,35352.143176065336,19953145.216666665,1256.6666666666667
2025-04-18,4880.404744,15666.24511019377,24610650.46,4667.32793177,1894,33.0,Fear,0.0,22980.018295666687,30876.501866922114,21239305.956666667,1511.0
2025-04-19,71950.577495,16014.825865230438,32706462.71,6480.62633269,2786,32.0,Fear,0.0,27419.63404166669,38565.89992260799,19973888.226666667,1903.6666666666667
2025-04-20,25060.341936,7953.09440782997,12126094.05,1887.3296081058,1982,37.0,Fear,0.0,33963.77472500002,34410.10541662701,23147735.74,2220.6666666666665
2025-04-21,34369.267906999994,41859.99143913446,42104054.84,6356.09106388,1718,39.0,Fear,0.0,43793.39577933335,24825.071748338465,28978870.53333333,2162.0
2025-04-22,58652.763578,15070.37095092762,33753625.24,5749.685751,2998,47.0,Neutral,,39360.79114033335,17343.562958201957,29327924.709999997,2232.6666666666665
2025-04-23,-419020.225731,12725.948066658386,30682443.79,7342.08084188,6159,72.0,Greed,1.0,-108666.06474866666,269048.696279664,35513374.623333335,3625.0
2025-04-24,50704.395965,42081.60551729973,35088918.64,7366.5003199353,2232,63.0,Greed,1.0,-103221.02206266664,273519.0064969762,33174995.89,3796.3333333333335
2025-04-25,20218.859206,33876.77419571567,27749455.78,6299.0932547382,1653,60.0,Greed,1.0,-116032.32351999998,262837.5803657801,31173606.070000004,3348.0
2025-04-26,-4125.753942,24357.80254500265,11948127.77,2652.30675352,1131,65.0,Greed,1.0,22265.83374300002,27472.32995711012,24928834.063333333,1672.0
2025-04-27,2702.067468,13133.751885486648,487537.69,55.9267726562,337,61.0,Greed,1.0,6265.057577333352,12557.317437287718,13395040.413333334,1040.3333333333333
2025-04-28,36906.813759,58469.14186169688,26124921.49,6007.2514035301,1379,54.0,Neutral,,11827.709095000018,21985.811432889506,12853528.983333334,949.0
2025-04-29,125749.613427,28548.785993098085,34089511.66,5149.2952871531,2243,60.0,Greed,1.0,55119.49821800002,63513.39266670726,20233990.28,1319.6666666666667
2025-04-30,14003.797269,35649.303644469,12693878.85,2950.1837728755,1113,56.0,Greed,1.0,58886.74148500003,59026.43284440019,24302770.666666668,1578.3333333333333
2025-05-01,54536.829297,12672.104182341463,10720240.52,2652.6136779658,1230,53.0,Neutral,,64763.41333100002,56570.47925338529,19167877.01,1528.6666666666667
